window,contract_number,build_id,build_label,samples,wins,win_rate,avg_damage,damage_variance,avg_dps,dps_variance,avg_required_dps,avg_required_dps_gap,avg_damage_gap,avg_blocked_damage,avg_absorbed_damage,avg_crit_negated_damage,avg_dodges,avg_cleanses,avg_interrupts,avg_stun_seconds
fixed_30s,1,assassin,Assassin,80,51,0.6375,1040.125,35299.7594,34.6708,39.222,38.3359,-3.665,116.8375,35.9226,36.825,0.0,0.0,0.9875,1.175,0.0
generated_duration,1,assassin,Assassin,80,75,0.9375,1502.0375,229424.9111,34.9273,39.7793,38.3359,-3.4086,578.75,56.7979,51.0125,0.0,0.0,1.5125,1.6875,0.0
fixed_30s,1,blade_dancer,Blade Dancer,80,33,0.4125,823.825,55588.5194,27.4608,61.765,38.3359,-10.875,-99.4625,98.0125,0.0,0.0,0.0,2.9875,0.0,0.0
generated_duration,1,blade_dancer,Blade Dancer,80,56,0.7,1183.2125,144639.1923,27.6957,41.5926,38.3359,-10.6401,259.925,147.875,0.0,0.0,0.0,4.3,0.0,0.0
fixed_30s,1,shadow,Shadow,80,34,0.425,848.65,14174.6525,28.2883,15.7496,38.3359,-10.0475,-74.6375,56.925,36.1375,0.0,0.0,1.6375,0.0,0.0
generated_duration,1,shadow,Shadow,80,80,1.0,1241.6,106984.49,29.0548,18.5765,38.3359,-9.281,318.3125,85.975,50.325,0.0,0.0,2.4125,0.0,0.0
fixed_30s,1,thief,Thief,80,29,0.3625,751.7125,114771.0798,25.0571,127.5234,38.3359,-13.2788,-171.575,64.6875,0.0,0.0,0.0,1.45,2.55,0.0
generated_duration,1,thief,Thief,80,52,0.65,1058.5125,277221.2248,25.0713,131.9567,38.3359,-13.2645,135.225,99.5,0.0,0.0,0.0,1.975,3.775,0.0
fixed_30s,2,assassin,Assassin,80,13,0.1625,997.2,38010.785,33.24,42.2342,54.8617,-21.6217,-506.625,21.3888,38.4,0.0,0.0,1.1625,1.6,0.0
generated_duration,2,assassin,Assassin,80,36,0.45,1544.5125,205898.2998,33.5515,39.1325,54.8617,-21.3102,40.6875,34.0952,60.6125,0.0,0.0,1.975,2.4,0.0
fixed_30s,2,blade_dancer,Blade Dancer,80,5,0.0625,825.1375,44190.7436,27.5046,49.1008,54.8617,-27.3571,-678.6875,57.1625,0.0,0.0,0.0,3.775,0.0,0.0
generated_duration,2,blade_dancer,Blade Dancer,80,30,0.375,1293.6625,228081.3236,27.9789,50.4495,54.8617,-26.8828,-210.1625,87.625,0.0,0.0,0.0,5.7125,0.0,0.0
fixed_30s,2,shadow,Shadow,80,1,0.0125,866.5125,12917.2248,28.8837,14.3525,54.8617,-25.978,-637.3125,33.825,38.0625,0.0,0.0,2.0,0.0,0.0
generated_duration,2,shadow,Shadow,80,29,0.3625,1380.6375,121603.1811,30.1048,14.8994,54.8617,-24.7569,-123.1875,51.475,60.275,0.0,0.0,3.225,0.0,0.0
fixed_30s,2,thief,Thief,80,2,0.025,752.6875,112358.1148,25.0896,124.8423,54.8617,-29.7721,-751.1375,38.4375,0.0,0.0,0.0,1.6875,3.45,0.0
generated_duration,2,thief,Thief,80,32,0.4,1201.9375,407260.6336,26.0164,146.2296,54.8617,-28.8453,-301.8875,59.575,0.0,0.0,0.0,2.6125,5.2875,0.0
fixed_30s,3,assassin,Assassin,80,10,0.125,1017.8375,40612.3861,33.9279,45.1249,75.0763,-41.1484,-844.0125,37.0886,29.3,0.0,0.0,1.1125,1.25,0.0
generated_duration,3,assassin,Assassin,80,24,0.3,1509.175,191071.6694,34.839,40.7473,75.0763,-40.2373,-352.675,57.4278,40.1625,0.0,0.0,1.725,1.95,0.0
fixed_30s,3,blade_dancer,Blade Dancer,80,0,0.0,791.6,42108.79,26.3867,46.7875,75.0763,-48.6896,-1070.25,102.5625,0.0,0.0,0.0,3.325,0.0,0.0
generated_duration,3,blade_dancer,Blade Dancer,80,0,0.0,1160.4875,150124.9248,26.7563,45.0447,75.0763,-48.32,-701.3625,151.4,0.0,0.0,0.0,4.9375,0.0,0.0
fixed_30s,3,shadow,Shadow,80,0,0.0,829.575,12523.6944,27.6525,13.9152,75.0763,-47.4238,-1032.275,59.675,28.7875,0.0,0.0,1.8125,0.0,0.0
generated_duration,3,shadow,Shadow,80,0,0.0,1242.2625,109304.3936,28.6783,17.7398,75.0763,-46.398,-619.5875,88.15,39.65,0.0,0.0,2.775,0.0,0.0
fixed_30s,3,thief,Thief,80,0,0.0,721.9125,106247.7048,24.0637,118.053,75.0763,-51.0126,-1139.9375,67.8125,0.0,0.0,0.0,1.6375,2.7,0.0
generated_duration,3,thief,Thief,80,0,0.0,1056.475,270859.8494,24.6669,125.4956,75.0763,-50.4094,-805.375,101.6625,0.0,0.0,0.0,2.3625,4.1,0.0
fixed_30s,4,assassin,Assassin,80,0,0.0,792.5875,39683.6423,26.4196,44.0929,142.2928,-115.8732,-2171.9625,21.9723,76.9125,11.1302,0.0,1.1625,1.325,0.0
generated_duration,4,assassin,Assassin,80,0,0.0,1144.9,161634.79,26.751,44.8226,142.2928,-115.5418,-1819.65,34.9374,113.4875,15.7144,0.0,1.6625,2.05,0.0
fixed_30s,4,blade_dancer,Blade Dancer,80,0,0.0,778.175,82560.2444,25.9392,91.7336,142.2928,-116.3536,-2186.375,63.2907,0.0,29.5194,0.0,3.5125,0.0,0.0
generated_duration,4,blade_dancer,Blade Dancer,80,0,0.0,1126.475,237439.0744,26.1637,82.6039,142.2928,-116.129,-1838.075,95.7155,0.0,48.061,0.0,4.9875,0.0,0.0
fixed_30s,4,shadow,Shadow,80,0,0.0,789.8,22775.46,26.3267,25.3061,142.2928,-115.9661,-2174.75,36.547,51.5981,18.6261,0.0,2.025,0.0,0.0
generated_duration,4,shadow,Shadow,80,0,0.0,1156.9125,132553.8798,26.9335,27.3104,142.2928,-115.3592,-1807.6375,54.815,75.2386,33.5345,0.0,2.8375,0.0,0.0
fixed_30s,4,thief,Thief,80,0,0.0,739.0375,169329.3361,24.6346,188.1437,142.2928,-117.6582,-2225.5125,42.1493,0.0,18.9188,0.0,1.425,3.3375,0.0
generated_duration,4,thief,Thief,80,0,0.0,1055.7625,421472.0311,24.4024,183.2933,142.2928,-117.8904,-1908.7875,64.2061,0.0,30.1486,0.0,2.05,4.6125,0.0
fixed_30s,5,assassin,Assassin,80,0,0.0,856.8125,46563.0523,28.5604,51.7367,180.5218,-151.9614,-2931.3125,29.7105,60.175,14.1372,0.0,1.2125,0.925,0.0
generated_duration,5,assassin,Assassin,80,0,0.0,1249.075,133034.4944,29.064,50.8038,180.5218,-151.4578,-2539.05,41.8816,89.975,28.3303,0.0,1.925,1.55,0.0
fixed_30s,5,blade_dancer,Blade Dancer,80,0,0.0,750.85,66883.8275,25.0283,74.3154,180.5218,-155.4935,-3037.275,85.5128,0.0,36.888,0.0,3.4875,0.0,0.0
generated_duration,5,blade_dancer,Blade Dancer,80,0,0.0,1115.7875,235741.3173,25.3423,74.8558,180.5218,-155.1795,-2672.3375,115.4885,0.0,52.5923,0.0,5.325,0.0,0.0
fixed_30s,5,shadow,Shadow,80,0,0.0,782.375,27617.8344,26.0792,30.6865,180.5218,-154.4427,-3005.75,49.1701,41.2214,27.9483,0.0,1.9125,0.0,0.0
generated_duration,5,shadow,Shadow,80,0,0.0,1175.6125,159974.2873,26.6993,30.7274,180.5218,-153.8225,-2612.5125,66.4007,62.1042,38.8475,0.0,2.9875,0.0,0.0
fixed_30s,5,thief,Thief,80,0,0.0,735.2875,148309.9798,24.5096,164.7889,180.5218,-156.0122,-3052.8375,57.0508,0.0,26.4395,0.0,1.725,2.35,0.0
generated_duration,5,thief,Thief,80,0,0.0,1092.0625,427639.2336,24.5901,165.3984,180.5218,-155.9317,-2696.0625,77.6021,0.0,33.6795,0.0,2.6125,3.5,0.0
fixed_30s,6,assassin,Assassin,80,0,0.0,896.525,52245.3494,29.8842,58.0504,251.1326,-221.2485,-4350.55,42.3914,42.8875,19.8989,0.0,0.9625,1.4625,0.0
generated_duration,6,assassin,Assassin,80,0,0.0,1369.1,226593.14,30.0267,58.3125,251.1326,-221.106,-3877.975,68.8977,66.8875,31.2086,0.0,1.5125,2.5625,0.0
fixed_30s,6,blade_dancer,Blade Dancer,80,0,0.0,666.325,61431.1444,22.2108,68.2568,251.1326,-228.9218,-4580.75,121.9216,0.0,50.7886,0.0,3.1125,0.0,0.0
generated_duration,6,blade_dancer,Blade Dancer,80,0,0.0,1065.55,221265.5725,23.2922,65.1153,251.1326,-227.8404,-4181.525,190.3373,0.0,82.0901,0.0,4.85,0.0,0.0
fixed_30s,6,shadow,Shadow,80,0,0.0,730.4125,22776.3423,24.3471,25.307,251.1326,-226.7856,-4516.6625,71.341,30.6241,29.2286,0.0,1.7375,0.0,0.0
generated_duration,6,shadow,Shadow,80,0,0.0,1154.4625,149631.3486,25.2704,30.564,251.1326,-225.8623,-4092.6125,108.7126,48.2875,51.9085,0.0,2.775,0.0,0.0
fixed_30s,6,thief,Thief,80,0,0.0,571.5125,140021.6248,19.0504,155.5796,251.1326,-232.0822,-4675.5625,81.3594,0.0,33.6068,0.0,1.175,3.7125,0.0
generated_duration,6,thief,Thief,80,0,0.0,871.1375,406809.0936,19.0884,161.5654,251.1326,-232.0442,-4375.9375,126.1493,0.0,54.4712,0.0,1.75,5.725,0.0
fixed_30s,7,assassin,Assassin,80,0,0.0,829.225,48036.5244,27.6408,53.3739,344.2551,-316.6142,-6353.225,29.6231,67.5,15.2335,0.0,1.1375,0.9375,0.0
generated_duration,7,assassin,Assassin,80,0,0.0,1208.9375,138814.3836,28.2197,54.5243,344.2551,-316.0354,-5973.5125,42.5899,104.5375,19.538,0.0,1.7375,1.4875,0.0
fixed_30s,7,blade_dancer,Blade Dancer,80,0,0.0,769.275,85241.9994,25.6425,94.7133,344.2551,-318.6126,-6413.175,84.5072,0.0,37.6557,0.0,3.125,0.0,0.0
generated_duration,7,blade_dancer,Blade Dancer,80,0,0.0,1151.525,313140.0744,26.0704,94.175,344.2551,-318.1847,-6030.925,115.817,0.0,49.7055,0.0,4.6375,0.0,0.0
fixed_30s,7,shadow,Shadow,80,0,0.0,769.55,20746.7225,25.6517,23.0519,344.2551,-318.6034,-6412.9,49.1971,47.0613,24.529,0.0,1.775,0.0,0.0
generated_duration,7,shadow,Shadow,80,0,0.0,1178.8375,175042.8111,26.8878,31.9797,344.2551,-317.3673,-6003.6125,66.2572,74.1668,37.1536,0.0,2.6375,0.0,0.0
fixed_30s,7,thief,Thief,80,0,0.0,741.6875,153943.5898,24.7229,171.0484,344.2551,-319.5322,-6440.7625,56.4541,0.0,29.765,0.0,1.5625,2.35,0.0
generated_duration,7,thief,Thief,80,0,0.0,1110.9125,479733.9048,24.9019,173.7457,344.2551,-319.3531,-6071.5375,77.5209,0.0,31.7104,0.0,2.2875,3.275,0.0
fixed_30s,8,assassin,Assassin,80,0,0.0,859.375,49747.8844,28.6458,55.2754,442.3809,-413.7351,-8200.4,34.6409,59.7375,14.5618,0.0,1.2375,0.95,0.0
generated_duration,8,assassin,Assassin,80,0,0.0,1233.7625,170024.2311,28.3718,59.3473,442.3809,-414.0091,-7826.0125,52.3571,91.325,30.6619,0.0,1.8375,1.65,0.0
fixed_30s,8,blade_dancer,Blade Dancer,80,0,0.0,726.1875,68141.0273,24.2063,75.7123,442.3809,-418.1747,-8333.5875,99.2279,0.0,40.0493,0.0,3.4875,0.0,0.0
generated_duration,8,blade_dancer,Blade Dancer,80,0,0.0,1104.8,256134.485,24.9858,74.9619,442.3809,-417.3952,-7954.975,143.1436,0.0,69.0432,0.0,5.1875,0.0,0.0
fixed_30s,8,shadow,Shadow,80,0,0.0,758.2875,22393.7048,25.2762,24.8819,442.3809,-417.1047,-8301.4875,57.7241,39.358,29.7996,0.0,1.9625,0.0,0.0
generated_duration,8,shadow,Shadow,80,0,0.0,1159.575,150279.9694,26.3509,31.3429,442.3809,-416.03,-7900.2,83.3727,60.6566,40.956,0.0,2.9125,0.0,0.0
fixed_30s,8,thief,Thief,80,0,0.0,707.2,158951.96,23.5733,176.6133,442.3809,-418.8076,-8352.575,66.0659,0.0,37.5258,0.0,1.6625,2.4625,0.0
generated_duration,8,thief,Thief,80,0,0.0,1036.2125,423810.8173,23.6466,176.5687,442.3809,-418.7343,-8023.5625,97.2527,0.0,44.7513,0.0,2.4375,3.675,0.0
fixed_30s,9,assassin,Assassin,80,0,0.0,811.3,58968.335,27.0433,65.5204,759.1021,-732.0587,-13593.425,40.0411,65.9604,15.3957,0.0,1.3,1.0,0.0
generated_duration,9,assassin,Assassin,80,0,0.0,1134.55,175133.9225,26.8245,65.6821,759.1021,-732.2776,-13270.175,60.0931,89.0346,27.7228,0.0,1.9625,1.7625,0.0
fixed_30s,9,blade_dancer,Blade Dancer,80,0,0.0,701.1,80643.315,23.37,89.6037,759.1021,-735.7321,-13703.625,117.906,0.0,36.8792,0.0,3.6625,0.0,0.0
generated_duration,9,blade_dancer,Blade Dancer,80,0,0.0,1015.7875,188346.6673,24.2097,92.4723,759.1021,-734.8923,-13388.9375,165.2832,0.0,60.6695,0.0,5.5875,0.0,0.0
fixed_30s,9,shadow,Shadow,80,0,0.0,721.7,23433.135,24.0567,26.0368,759.1021,-735.0454,-13683.025,67.285,32.565,29.6785,0.0,2.0375,0.0,0.0
generated_duration,9,shadow,Shadow,80,0,0.0,1060.5,121184.475,24.9858,34.0655,759.1021,-734.1162,-13344.225,96.0433,44.395,33.5997,0.0,3.1375,0.0,0.0
fixed_30s,9,thief,Thief,80,0,0.0,669.1125,152536.6498,22.3038,169.4852,759.1021,-736.7983,-13735.6125,78.1632,0.0,27.1382,0.0,1.7375,2.525,0.0
generated_duration,9,thief,Thief,80,0,0.0,936.025,359726.6744,22.5429,188.0598,759.1021,-736.5592,-13468.7,112.2507,0.0,42.656,0.0,2.525,4.0125,0.0
fixed_30s,10,assassin,Assassin,80,0,0.0,801.05,51612.4725,26.7017,57.3472,946.7684,-920.0668,-17795.5125,35.0652,73.775,14.5883,0.0,1.2625,1.15,0.0
generated_duration,10,assassin,Assassin,80,0,0.0,1162.875,198824.2094,26.9556,58.4794,946.7684,-919.8129,-17433.6875,53.6368,114.675,21.7714,0.0,1.725,1.675,0.0
fixed_30s,10,blade_dancer,Blade Dancer,80,0,0.0,722.65,82631.3775,24.0883,91.8126,946.7684,-922.6801,-17873.9125,98.9617,0.0,40.2203,0.0,3.625,0.0,0.0
generated_duration,10,blade_dancer,Blade Dancer,80,0,0.0,1090.625,292929.8594,24.8305,88.4176,946.7684,-921.938,-17505.9375,145.733,0.0,66.5085,0.0,4.925,0.0,0.0
fixed_30s,10,shadow,Shadow,80,0,0.0,764.3125,27514.4398,25.4771,30.5716,946.7684,-921.2913,-17832.25,58.9182,38.7124,26.076,0.0,2.0625,0.0,0.0
generated_duration,10,shadow,Shadow,80,0,0.0,1127.2125,151830.6923,26.0723,35.3623,946.7684,-920.6961,-17469.35,85.1005,60.0893,48.5965,0.0,2.825,0.0,0.0
fixed_30s,10,thief,Thief,80,0,0.0,691.2125,171581.0923,23.0404,190.6457,946.7684,-923.728,-17905.35,67.6504,0.0,33.4931,0.0,1.625,2.8625,0.0
generated_duration,10,thief,Thief,80,0,0.0,1032.65,474461.7525,23.4549,187.7625,946.7684,-923.3136,-17563.9125,99.7021,0.0,36.7504,0.0,2.25,3.7125,0.0
fixed_30s,11,assassin,Assassin,80,0,0.0,791.3625,50998.4061,26.3787,56.6649,1231.9006,-1205.5219,-24330.7125,37.4636,68.5375,17.9524,0.0,1.2125,1.15,0.0
generated_duration,11,assassin,Assassin,80,0,0.0,1209.6875,192302.2148,26.6849,57.2698,1231.9006,-1205.2158,-23912.3875,60.9042,98.3875,22.5211,0.0,1.8625,2.0125,0.0
fixed_30s,11,blade_dancer,Blade Dancer,80,0,0.0,724.2,89167.76,24.14,99.0753,1231.9006,-1207.7606,-24397.875,109.8136,0.0,39.8857,0.0,3.4875,0.0,0.0
generated_duration,11,blade_dancer,Blade Dancer,80,0,0.0,1119.1375,288387.1436,24.7855,105.0092,1231.9006,-1207.1152,-24002.9375,166.491,0.0,66.7415,0.0,5.475,0.0,0.0
fixed_30s,11,shadow,Shadow,80,0,0.0,759.4625,33136.1986,25.3154,36.818,1231.9006,-1206.5852,-24362.6125,63.3704,39.5687,28.0063,0.0,1.9375,0.0,0.0
generated_duration,11,shadow,Shadow,80,0,0.0,1154.4,151497.915,25.4784,35.6817,1231.9006,-1206.4223,-23967.675,96.6934,57.5006,38.6564,0.0,3.1,0.0,0.0
fixed_30s,11,thief,Thief,80,0,0.0,676.525,174206.8244,22.5508,193.5631,1231.9006,-1209.3498,-24445.55,73.1634,0.0,28.955,0.0,1.475,2.875,0.0
generated_duration,11,thief,Thief,80,0,0.0,1028.9625,461935.0361,22.7905,196.6642,1231.9006,-1209.1101,-24093.1125,113.5032,0.0,47.3333,0.0,2.425,4.2875,0.0
fixed_30s,12,assassin,Assassin,80,0,0.0,769.2,42605.285,25.64,47.3392,1588.4497,-1562.8097,-29683.45,26.7211,81.8125,15.4931,0.0,1.2,1.15,0.0
generated_duration,12,assassin,Assassin,80,0,0.0,1052.8,149072.635,25.4535,50.5563,1588.4497,-1562.9962,-29399.85,41.0514,109.5875,18.6241,0.0,1.825,1.7375,0.0
fixed_30s,12,blade_dancer,Blade Dancer,80,0,0.0,752.375,92272.9344,25.0792,102.5255,1588.4497,-1563.3705,-29700.275,78.1761,0.0,27.1779,0.0,3.7,0.0,0.0
generated_duration,12,blade_dancer,Blade Dancer,80,0,0.0,1046.3375,203370.4986,25.5557,102.3882,1588.4497,-1562.894,-29406.3125,114.2769,0.0,36.763,0.0,5.2125,0.0,0.0
fixed_30s,12,shadow,Shadow,80,0,0.0,771.3125,28694.9398,25.7104,31.8833,1588.4497,-1562.7393,-29681.3375,45.0283,45.981,20.57,0.0,2.0625,0.0,0.0
generated_duration,12,shadow,Shadow,80,0,0.0,1084.3375,116277.9736,26.2594,34.9743,1588.4497,-1562.1903,-29368.3125,64.903,61.5111,33.6715,0.0,2.925,0.0,0.0
fixed_30s,12,thief,Thief,80,0,0.0,742.25,185341.3625,24.7417,205.9348,1588.4497,-1563.708,-29710.4,52.4655,0.0,21.0618,0.0,1.6,2.825,0.0
generated_duration,12,thief,Thief,80,0,0.0,993.6125,349291.7123,24.424,190.1956,1588.4497,-1564.0257,-29459.0375,77.7164,0.0,31.4674,0.0,2.25,3.975,0.0
fixed_30s,13,assassin,Assassin,80,0,0.0,819.0,59630.725,27.3,66.2564,1967.5267,-1940.2267,-39423.775,41.1359,57.35,18.1536,0.0,1.3875,1.0625,0.0
generated_duration,13,assassin,Assassin,80,0,0.0,1237.65,237924.5525,27.0336,66.9783,1967.5267,-1940.4931,-39005.125,67.9149,87.075,31.5562,0.0,2.1875,1.875,0.0
fixed_30s,13,blade_dancer,Blade Dancer,80,0,0.0,689.2375,79681.5311,22.9746,88.535,1967.5267,-1944.5521,-39553.5375,119.9257,0.0,57.2975,0.0,3.9,0.0,0.0
generated_duration,13,blade_dancer,Blade Dancer,80,0,0.0,1077.0625,226754.0586,23.5241,77.503,1967.5267,-1944.0025,-39165.7125,191.997,0.0,85.0242,0.0,5.9875,0.0,0.0
fixed_30s,13,shadow,Shadow,80,0,0.0,743.75,29045.1875,24.7917,32.2724,1967.5267,-1942.735,-39499.025,69.0875,30.8604,32.6524,0.0,2.1125,0.0,0.0
generated_duration,13,shadow,Shadow,80,0,0.0,1142.3625,134422.0561,25.0047,31.6451,1967.5267,-1942.5219,-39100.4125,107.8553,47.5686,51.9825,0.0,3.4125,0.0,0.0
fixed_30s,13,thief,Thief,80,0,0.0,659.775,168580.1244,21.9925,187.3112,1967.5267,-1945.5342,-39583.0,79.9703,0.0,35.9452,0.0,1.8,2.725,0.0
generated_duration,13,thief,Thief,80,0,0.0,991.1875,419189.9773,21.7761,171.6798,1967.5267,-1945.7506,-39251.5875,128.3613,0.0,52.4606,0.0,2.8,4.15,0.0
fixed_30s,14,assassin,Assassin,80,0,0.0,790.95,44720.3475,26.365,49.6893,2340.7133,-2314.3483,-46626.4625,28.3137,43.6375,13.1578,0.0,1.8125,1.25,0.0
generated_duration,14,assassin,Assassin,80,0,0.0,1128.6625,182023.3986,25.8185,52.5939,2340.7133,-2314.8948,-46288.75,46.4029,62.65,20.0028,0.0,2.775,2.0375,0.0
fixed_30s,14,blade_dancer,Blade Dancer,80,0,0.0,686.4625,63198.1486,22.8821,70.2202,2340.7133,-2317.8312,-46730.95,81.6349,0.0,39.9918,0.0,5.0875,0.0,0.0
generated_duration,14,blade_dancer,Blade Dancer,80,0,0.0,1001.5875,171732.3923,23.0543,60.5814,2340.7133,-2317.659,-46415.825,126.9843,0.0,51.8292,0.0,7.5125,0.0,0.0
fixed_30s,14,shadow,Shadow,80,0,0.0,735.35,19004.0275,24.5117,21.1156,2340.7133,-2316.2016,-46682.0625,47.5084,24.7439,17.6258,0.0,2.8375,0.0,0.0
generated_duration,14,shadow,Shadow,80,0,0.0,1089.3875,104530.6623,25.0237,22.9198,2340.7133,-2315.6896,-46328.025,74.3282,36.3561,38.3544,0.0,4.275,0.0,0.0
fixed_30s,14,thief,Thief,80,0,0.0,687.65,156765.4025,22.9217,174.1838,2340.7133,-2317.7916,-46729.7625,54.5267,0.0,23.1104,0.0,2.525,3.0375,0.0
generated_duration,14,thief,Thief,80,0,0.0,982.4,363785.965,22.8167,161.6757,2340.7133,-2317.8966,-46435.0125,86.4686,0.0,36.3774,0.0,3.6375,4.5875,0.0
fixed_30s,15,assassin,Assassin,80,0,0.0,832.5125,56423.2498,27.7504,62.6925,2899.1448,-2871.3944,-52012.075,42.5142,63.9375,19.8903,0.0,1.2875,1.0625,0.0
generated_duration,15,assassin,Assassin,80,0,0.0,1112.775,167674.3744,27.216,63.8319,2899.1448,-2871.9288,-51731.8125,62.363,87.2875,29.904,0.0,1.75,1.6875,0.0
fixed_30s,15,blade_dancer,Blade Dancer,80,0,0.0,684.3875,83594.9873,22.8129,92.8833,2899.1448,-2876.3319,-52160.2,121.5613,0.0,40.1464,0.0,3.75,0.0,0.0
generated_duration,15,blade_dancer,Blade Dancer,80,0,0.0,975.5875,206915.9423,23.847,94.7609,2899.1448,-2875.2978,-51869.0,173.2996,0.0,76.3231,0.0,5.2625,0.0,0.0
fixed_30s,15,shadow,Shadow,80,0,0.0,726.1,30108.815,24.2033,33.4542,2899.1448,-2874.9415,-52118.4875,71.2965,34.4711,31.7362,0.0,2.1125,0.0,0.0
generated_duration,15,shadow,Shadow,80,0,0.0,1000.9625,101699.9111,24.4486,34.2774,2899.1448,-2874.6962,-51843.625,98.9602,46.7626,36.0633,0.0,2.9625,0.0,0.0
fixed_30s,15,thief,Thief,80,0,0.0,645.9875,164888.4373,21.5329,183.2094,2899.1448,-2877.6119,-52198.6,82.7835,0.0,35.7769,0.0,1.675,2.6375,0.0
generated_duration,15,thief,Thief,80,0,0.0,899.6,348707.715,22.2394,193.1398,2899.1448,-2876.9055,-51944.9875,116.6635,0.0,51.5673,0.0,2.2875,3.725,0.0
fixed_30s,16,assassin,Assassin,80,0,0.0,845.65,53699.8775,28.1883,59.6665,3703.4718,-3675.2834,-72015.075,46.6853,61.45,17.5158,0.0,1.1625,0.9375,0.0
generated_duration,16,assassin,Assassin,80,0,0.0,1246.0125,232231.8873,27.7332,63.8218,3703.4718,-3675.7385,-71614.7125,78.012,84.7375,35.9274,0.0,1.775,1.625,0.0
fixed_30s,16,blade_dancer,Blade Dancer,80,0,0.0,701.9875,83418.2623,23.3996,92.687,3703.4718,-3680.0722,-72158.7375,139.8098,0.0,41.1836,0.0,3.2625,0.0,0.0
generated_duration,16,blade_dancer,Blade Dancer,80,0,0.0,1067.8375,218127.0361,24.2177,96.4383,3703.4718,-3679.2541,-71792.8875,219.1779,0.0,90.7377,0.0,4.9,0.0,0.0
fixed_30s,16,shadow,Shadow,80,0,0.0,729.925,32253.1194,24.3308,35.8368,3703.4718,-3679.1409,-72130.8,78.3312,35.282,37.7716,0.0,1.8,0.0,0.0
generated_duration,16,shadow,Shadow,80,0,0.0,1104.9125,115761.5548,24.9374,34.2821,3703.4718,-3678.5344,-71755.8125,123.9851,50.0793,57.3352,0.0,2.8125,0.0,0.0
fixed_30s,16,thief,Thief,80,0,0.0,659.7875,162375.3673,21.9929,180.4171,3703.4718,-3681.4788,-72200.9375,90.9347,0.0,33.8066,0.0,1.525,2.3125,0.0
generated_duration,16,thief,Thief,80,0,0.0,980.75,411404.6125,22.4215,194.0014,3703.4718,-3681.0502,-71879.975,146.3806,0.0,57.7613,0.0,2.3375,3.45,0.0
fixed_30s,17,assassin,Assassin,80,0,0.0,810.9,59667.14,27.03,66.2968,4591.702,-4564.672,-89405.85,37.7676,76.375,17.8039,0.0,1.2375,0.75,0.0
generated_duration,17,assassin,Assassin,80,0,0.0,1185.0,232731.875,26.8158,65.9835,4591.702,-4564.8861,-89031.75,60.2428,115.7125,32.3851,0.0,1.875,1.175,0.0
fixed_30s,17,blade_dancer,Blade Dancer,80,0,0.0,718.475,80383.3244,23.9492,89.3148,4591.702,-4567.7528,-89498.275,109.6997,0.0,51.9589,0.0,3.425,0.0,0.0
generated_duration,17,blade_dancer,Blade Dancer,80,0,0.0,1115.8,265351.035,25.2131,94.3599,4591.702,-4566.4889,-89100.95,169.7281,0.0,79.1532,0.0,5.0625,0.0,0.0
fixed_30s,17,shadow,Shadow,80,0,0.0,748.8,28039.985,24.96,31.1555,4591.702,-4566.742,-89467.95,62.9907,41.3741,29.3474,0.0,1.925,0.0,0.0
generated_duration,17,shadow,Shadow,80,0,0.0,1123.875,156804.3844,25.4791,39.139,4591.702,-4566.2229,-89092.875,95.5768,62.5641,46.2005,0.0,2.825,0.0,0.0
fixed_30s,17,thief,Thief,80,0,0.0,707.3125,158553.3898,23.5771,176.1704,4591.702,-4568.1249,-89509.4375,73.3605,0.0,34.4883,0.0,1.7125,2.0,0.0
generated_duration,17,thief,Thief,80,0,0.0,1067.9,440182.465,24.1164,179.8762,4591.702,-4567.5856,-89148.85,113.6856,0.0,48.4248,0.0,2.5125,2.6875,0.0
fixed_30s,18,assassin,Assassin,80,0,0.0,790.6,49177.84,26.3533,54.642,5584.0159,-5557.6626,-109542.1125,31.713,64.5935,15.7014,0.0,1.575,0.8,0.0
generated_duration,18,assassin,Assassin,80,0,0.0,1143.375,226802.3844,25.7683,63.2852,5584.0159,-5558.2476,-109189.3375,53.7921,89.489,23.7886,0.0,2.3875,1.3875,0.0
fixed_30s,18,blade_dancer,Blade Dancer,80,0,0.0,717.325,84409.1694,23.9108,93.788,5584.0159,-5560.1051,-109615.3875,92.6124,0.0,39.5357,0.0,4.3,0.0,0.0
generated_duration,18,blade_dancer,Blade Dancer,80,0,0.0,1079.0375,201087.5611,24.8414,87.605,5584.0159,-5559.1745,-109253.675,151.8146,0.0,67.1611,0.0,6.2125,0.0,0.0
fixed_30s,18,shadow,Shadow,80,0,0.0,745.4125,26787.2673,24.8471,29.7636,5584.0159,-5559.1689,-109587.3,53.3907,36.9102,22.2118,0.0,2.3875,0.0,0.0
generated_duration,18,shadow,Shadow,80,0,0.0,1104.8625,103749.6186,25.3559,31.217,5584.0159,-5558.66,-109227.85,85.607,51.441,44.0535,0.0,3.6,0.0,0.0
fixed_30s,18,thief,Thief,80,0,0.0,739.45,161490.1475,24.6483,179.4335,5584.0159,-5559.3676,-109593.2625,61.7667,0.0,28.7702,0.0,2.2,2.125,0.0
generated_duration,18,thief,Thief,80,0,0.0,1066.1375,370594.9186,24.7115,176.13,5584.0159,-5559.3044,-109266.575,100.7655,0.0,41.5509,0.0,3.3125,3.0625,0.0
fixed_30s,19,assassin,Assassin,80,0,0.0,810.575,57785.3944,27.0192,64.206,6571.3644,-6544.3452,-130343.25,40.539,53.675,16.4911,0.0,1.5125,0.9375,0.0
generated_duration,19,assassin,Assassin,80,0,0.0,1210.9375,199691.9086,27.0515,64.3748,6571.3644,-6544.3129,-129942.8875,62.5895,76.9875,25.9631,0.0,2.425,1.65,0.0
fixed_30s,19,blade_dancer,Blade Dancer,80,0,0.0,663.5125,64083.6248,22.1171,71.204,6571.3644,-6549.2473,-130490.3125,115.3615,0.0,42.9237,0.0,4.275,0.0,0.0
generated_duration,19,blade_dancer,Blade Dancer,80,0,0.0,1032.725,192306.5494,23.1062,73.6692,6571.3644,-6548.2582,-130121.1,171.6656,0.0,59.2611,0.0,6.6,0.0,0.0
fixed_30s,19,shadow,Shadow,80,0,0.0,724.5375,23868.4986,24.1512,26.5206,6571.3644,-6547.2131,-130429.2875,67.836,25.961,30.4307,0.0,2.4,0.0,0.0
generated_duration,19,shadow,Shadow,80,0,0.0,1109.4875,121219.3498,24.7506,32.0722,6571.3644,-6546.6137,-130044.3375,99.3716,37.1508,38.543,0.0,3.7875,0.0,0.0
fixed_30s,19,thief,Thief,80,0,0.0,671.975,158382.3494,22.3992,175.9804,6571.3644,-6548.9652,-130481.85,78.2834,0.0,32.5594,0.0,2.075,2.3875,0.0
generated_duration,19,thief,Thief,80,0,0.0,996.5375,388304.9986,22.4602,174.9528,6571.3644,-6548.9042,-130157.2875,116.3424,0.0,46.1767,0.0,3.2875,3.8,0.0
fixed_30s,20,assassin,Assassin,80,0,0.0,805.2875,56144.4298,26.8429,62.3827,7866.0687,-7839.2257,-152757.7625,38.2605,56.7,14.2934,0.0,1.4,0.9875,0.0
generated_duration,20,assassin,Assassin,80,0,0.0,1142.075,139700.4444,26.816,62.1832,7866.0687,-7839.2526,-152420.975,55.1983,81.3125,21.7905,0.0,2.2625,1.775,0.0
fixed_30s,20,blade_dancer,Blade Dancer,80,0,0.0,695.475,74699.8744,23.1825,82.9999,7866.0687,-7842.8862,-152867.575,112.9531,0.0,39.4789,0.0,4.1125,0.0,0.0
generated_duration,20,blade_dancer,Blade Dancer,80,0,0.0,1035.5,222323.0,23.8676,83.9337,7866.0687,-7842.201,-152527.55,151.947,0.0,51.9991,0.0,6.2875,0.0,0.0
fixed_30s,20,shadow,Shadow,80,0,0.0,730.575,24274.2194,24.3525,26.9714,7866.0687,-7841.7162,-152832.475,65.0127,29.3767,18.9022,0.0,2.3125,0.0,0.0
generated_duration,20,shadow,Shadow,80,0,0.0,1078.225,139651.9994,24.7284,32.6689,7866.0687,-7841.3402,-152484.825,87.5744,42.4417,38.4386,0.0,3.6,0.0,0.0
fixed_30s,20,thief,Thief,80,0,0.0,671.625,156496.6844,22.3875,173.8852,7866.0687,-7843.6812,-152891.425,74.4061,0.0,33.6644,0.0,1.975,2.525,0.0
generated_duration,20,thief,Thief,80,0,0.0,996.0125,395975.7873,23.024,179.6889,7866.0687,-7843.0447,-152567.0375,102.8043,0.0,41.7521,0.0,3.025,3.825,0.0
fixed_30s,21,assassin,Assassin,80,0,0.0,810.65,48666.1275,27.0217,54.0735,9747.2507,-9720.229,-193257.65,34.4024,49.8375,14.8142,0.0,1.5375,1.025,0.0
generated_duration,21,assassin,Assassin,80,0,0.0,1167.65,200522.6275,26.5557,57.9338,9747.2507,-9720.695,-192900.65,54.4464,70.475,27.7913,0.0,2.3875,1.6875,0.0
fixed_30s,21,blade_dancer,Blade Dancer,80,0,0.0,686.4875,75823.9248,22.8829,84.2488,9747.2507,-9724.3678,-193381.8125,99.2684,0.0,28.767,0.0,4.3,0.0,0.0
generated_duration,21,blade_dancer,Blade Dancer,80,0,0.0,1020.275,190764.7744,23.357,77.0306,9747.2507,-9723.8937,-193048.025,147.8419,0.0,58.3654,0.0,6.4375,0.0,0.0
fixed_30s,21,shadow,Shadow,80,0,0.0,735.425,22240.9694,24.5142,24.7122,9747.2507,-9722.7365,-193332.875,57.5156,30.7677,23.1235,0.0,2.425,0.0,0.0
generated_duration,21,shadow,Shadow,80,0,0.0,1107.1875,132735.9023,25.2327,32.9761,9747.2507,-9722.018,-192961.1125,86.0674,43.4379,39.1242,0.0,3.6875,0.0,0.0
fixed_30s,21,thief,Thief,80,0,0.0,679.6375,150506.1561,22.6546,167.2291,9747.2507,-9724.5961,-193388.6625,67.1238,0.0,28.5363,0.0,2.125,2.6125,0.0
generated_duration,21,thief,Thief,80,0,0.0,995.0375,383797.8861,22.8305,174.0357,9747.2507,-9724.4202,-193073.2625,101.5934,0.0,35.3982,0.0,3.2375,3.8875,0.0
fixed_30s,22,assassin,Assassin,80,0,0.0,831.925,54005.9444,27.7308,60.0066,11829.1279,-11801.3971,-228150.0125,41.1251,46.625,23.4787,0.0,1.25,1.3625,0.0
generated_duration,22,assassin,Assassin,80,0,0.0,1159.65,178967.9775,27.107,66.4223,11829.1279,-11802.0209,-227822.2875,61.818,66.0875,30.7461,0.0,1.9875,2.125,0.0
fixed_30s,22,blade_dancer,Blade Dancer,80,0,0.0,670.4875,72432.6998,22.3496,80.4808,11829.1279,-11806.7783,-228311.45,117.4642,0.0,38.4305,0.0,3.9875,0.0,0.0
generated_duration,22,blade_dancer,Blade Dancer,80,0,0.0,972.5625,211217.5961,22.5447,83.0775,11829.1279,-11806.5832,-228009.375,166.853,0.0,72.3372,0.0,5.75,0.0,0.0
fixed_30s,22,shadow,Shadow,80,0,0.0,739.5375,27959.2486,24.6512,31.0658,11829.1279,-11804.4767,-228242.4,69.2981,26.6386,29.4985,0.0,2.1875,0.0,0.0
generated_duration,22,shadow,Shadow,80,0,0.0,1066.6,98756.19,24.9115,30.4751,11829.1279,-11804.2165,-227915.3375,98.5944,38.3435,47.9422,0.0,3.35,0.0,0.0
fixed_30s,22,thief,Thief,80,0,0.0,607.9625,147297.3611,20.2654,163.6637,11829.1279,-11808.8625,-228373.975,79.3717,0.0,30.4863,0.0,1.625,3.3875,0.0
generated_duration,22,thief,Thief,80,0,0.0,865.9125,353431.7298,20.263,173.419,11829.1279,-11808.8649,-228116.025,115.0463,0.0,54.9996,0.0,2.475,4.9375,0.0
fixed_30s,23,assassin,Assassin,80,0,0.0,783.3625,56374.7561,26.1121,62.6386,14013.364,-13987.252,-290997.375,33.8554,57.1625,14.396,0.0,1.5625,1.1,0.0
generated_duration,23,assassin,Assassin,80,0,0.0,1193.1375,198575.7186,25.7005,65.292,14013.364,-13987.6636,-290587.6,58.5039,92.525,26.6442,0.0,2.4,1.9875,0.0
fixed_30s,23,blade_dancer,Blade Dancer,80,0,0.0,688.3625,77607.9311,22.9454,86.231,14013.364,-13990.4186,-291092.375,98.0335,0.0,33.6403,0.0,4.3125,0.0,0.0
generated_duration,23,blade_dancer,Blade Dancer,80,0,0.0,1090.45,276450.2975,23.1916,81.2755,14013.364,-13990.1725,-290690.2875,162.1286,0.0,66.6701,0.0,6.5625,0.0,0.0
fixed_30s,23,shadow,Shadow,80,0,0.0,734.45,25786.8225,24.4817,28.652,14013.364,-13988.8824,-291046.2875,56.4875,27.5681,25.6402,0.0,2.4375,0.0,0.0
generated_duration,23,shadow,Shadow,80,0,0.0,1172.9,132715.99,25.1912,29.8894,14013.364,-13988.1728,-290607.8375,92.8228,45.292,36.568,0.0,3.85,0.0,0.0
fixed_30s,23,thief,Thief,80,0,0.0,658.25,150490.5625,21.9417,167.2117,14013.364,-13991.4224,-291122.4875,65.8646,0.0,24.5355,0.0,2.0,2.9125,0.0
generated_duration,23,thief,Thief,80,0,0.0,1031.9875,461164.6373,22.05,175.418,14013.364,-13991.3141,-290748.75,108.0821,0.0,47.7529,0.0,3.2,4.475,0.0
fixed_30s,24,assassin,Assassin,80,0,0.0,832.575,57772.9194,27.7525,64.1921,16686.9946,-16659.2421,-325397.2875,43.1851,42.875,15.0832,0.0,1.45,0.875,0.0
generated_duration,24,assassin,Assassin,80,0,0.0,1180.3625,162379.5061,27.1337,69.1901,16686.9946,-16659.8609,-325049.5,60.6287,64.975,31.4348,0.0,2.375,1.525,0.0
fixed_30s,24,blade_dancer,Blade Dancer,80,0,0.0,677.825,78670.7194,22.5942,87.4119,16686.9946,-16664.4004,-325552.0375,123.9786,0.0,40.0439,0.0,3.975,0.0,0.0
generated_duration,24,blade_dancer,Blade Dancer,80,0,0.0,1047.4,247635.44,23.3281,79.507,16686.9946,-16663.6665,-325182.4625,166.4565,0.0,64.3185,0.0,6.325,0.0,0.0
fixed_30s,24,shadow,Shadow,80,0,0.0,712.1,24960.615,23.7367,27.734,16686.9946,-16663.2579,-325517.7625,71.8761,26.1251,32.5389,0.0,2.225,0.0,0.0
generated_duration,24,shadow,Shadow,80,0,0.0,1093.2375,149152.0561,24.4564,30.5688,16686.9946,-16662.5382,-325136.625,95.8498,39.1479,49.1788,0.0,3.525,0.0,0.0
fixed_30s,24,thief,Thief,80,0,0.0,651.45,146949.9225,21.715,163.2777,16686.9946,-16665.2796,-325578.4125,83.0638,0.0,36.3143,0.0,1.9375,2.2625,0.0
generated_duration,24,thief,Thief,80,0,0.0,1010.875,458472.7344,22.1774,172.9689,16686.9946,-16664.8172,-325218.9875,112.5226,0.0,48.5933,0.0,3.2125,3.4,0.0
fixed_30s,25,assassin,Assassin,80,0,0.0,817.075,47675.5694,27.2358,52.9729,19244.5548,-19217.319,-386747.1625,36.0968,59.8364,19.0151,0.0,1.3625,1.1625,0.0
generated_duration,25,assassin,Assassin,80,0,0.0,1185.3,228211.085,26.519,61.9148,19244.5548,-19218.0358,-386378.9375,60.4962,91.9236,23.7169,0.0,2.0625,1.8,0.0
fixed_30s,25,blade_dancer,Blade Dancer,80,0,0.0,715.5125,88979.1998,23.8504,98.8658,19244.5548,-19220.7044,-386848.725,104.6828,0.0,40.0972,0.0,3.9875,0.0,0.0
generated_duration,25,blade_dancer,Blade Dancer,80,0,0.0,1061.9,238316.39,23.8693,84.9396,19244.5548,-19220.6855,-386502.3375,165.4631,0.0,55.5003,0.0,5.8125,0.0,0.0
fixed_30s,25,shadow,Shadow,80,0,0.0,741.475,26993.6494,24.7158,29.9929,19244.5548,-19219.839,-386822.7625,60.2879,33.9983,25.4262,0.0,2.1875,0.0,0.0
generated_duration,25,shadow,Shadow,80,0,0.0,1135.35,145357.0025,25.5612,34.4872,19244.5548,-19218.9936,-386428.8875,96.4261,51.8066,41.1073,0.0,3.25,0.0,0.0
fixed_30s,25,thief,Thief,80,0,0.0,669.375,158004.3844,22.3125,175.5604,19244.5548,-19222.2423,-386894.8625,69.6795,0.0,28.3728,0.0,1.8,2.9125,0.0
generated_duration,25,thief,Thief,80,0,0.0,999.1375,434112.7436,22.3202,171.0769,19244.5548,-19222.2346,-386565.1,112.8036,0.0,42.632,0.0,2.7,3.9875,0.0
fixed_30s,26,assassin,Assassin,80,0,0.0,807.2125,53982.6923,26.9071,59.9808,23537.9566,-23511.0495,-466290.0875,43.1936,58.3854,18.0999,0.0,1.1875,1.4125,0.0
generated_duration,26,assassin,Assassin,80,0,0.0,1144.45,158494.1225,26.3032,64.3391,23537.9566,-23511.6534,-465952.85,63.8962,92.2255,23.2746,0.0,1.825,2.4625,0.0
fixed_30s,26,blade_dancer,Blade Dancer,80,0,0.0,674.25,85726.2375,22.475,95.2514,23537.9566,-23515.4816,-466423.05,129.1321,0.0,47.3198,0.0,3.6875,0.0,0.0
generated_duration,26,blade_dancer,Blade Dancer,80,0,0.0,1048.5,317217.8,23.2305,96.9339,23537.9566,-23514.7261,-466048.8,178.4616,0.0,58.7269,0.0,5.6,0.0,0.0
fixed_30s,26,shadow,Shadow,80,0,0.0,724.175,30472.7944,24.1392,33.8587,23537.9566,-23513.8174,-466373.125,72.7668,30.8197,31.9612,0.0,2.1,0.0,0.0
generated_duration,26,shadow,Shadow,80,0,0.0,1123.8,173365.135,25.1189,36.7374,23537.9566,-23512.8377,-465973.5,101.9912,48.087,40.699,0.0,3.2,0.0,0.0
fixed_30s,26,thief,Thief,80,0,0.0,598.0375,163443.3361,19.9346,181.6037,23537.9566,-23518.022,-466499.2625,85.0739,0.0,29.6006,0.0,1.45,3.5,0.0
generated_duration,26,thief,Thief,80,0,0.0,916.5875,475223.8673,20.3649,191.3023,23537.9566,-23517.5916,-466180.7125,119.3943,0.0,40.7472,0.0,2.2125,5.3375,0.0
fixed_30s,27,assassin,Assassin,80,0,0.0,850.625,60011.8844,28.3542,66.6799,28434.8282,-28406.474,-527826.7125,49.9587,49.0,21.1572,0.0,1.3375,0.925,0.0
generated_duration,27,assassin,Assassin,80,0,0.0,1204.0375,236262.8861,27.6411,73.1412,28434.8282,-28407.1871,-527473.3,80.0504,64.7375,35.2289,0.0,2.025,1.625,0.0
fixed_30s,27,blade_dancer,Blade Dancer,80,0,0.0,651.0125,69261.1623,21.7004,76.9568,28434.8282,-28413.1278,-528026.325,146.4281,0.0,49.7046,0.0,3.7375,0.0,0.0
generated_duration,27,blade_dancer,Blade Dancer,80,0,0.0,956.75,142571.9875,22.5136,76.3848,28434.8282,-28412.3146,-527720.5875,220.7024,0.0,94.1624,0.0,5.5625,0.0,0.0
fixed_30s,27,shadow,Shadow,80,0,0.0,704.5625,26457.5961,23.4854,29.3973,28434.8282,-28411.3428,-527972.775,83.8851,25.9675,37.8593,0.0,2.1125,0.0,0.0
generated_duration,27,shadow,Shadow,80,0,0.0,1030.225,88308.6994,24.0467,30.8015,28434.8282,-28410.7814,-527647.1125,127.3799,33.9203,60.9826,0.0,3.1375,0.0,0.0
fixed_30s,27,thief,Thief,80,0,0.0,618.675,146211.7944,20.6225,162.4575,28434.8282,-28414.2057,-528058.6625,98.0114,0.0,40.6082,0.0,1.8625,2.3,0.0
generated_duration,27,thief,Thief,80,0,0.0,882.0625,307447.1336,21.1343,174.0808,28434.8282,-28413.6939,-527795.275,149.8627,0.0,60.0861,0.0,2.7,3.4625,0.0
fixed_30s,28,assassin,Assassin,80,0,0.0,825.1125,54303.4998,27.5037,60.3372,32943.923,-32916.4192,-656117.1875,41.419,54.65,18.3848,0.0,1.3875,1.025,0.0
generated_duration,28,assassin,Assassin,80,0,0.0,1173.3875,168324.6123,26.8789,68.822,32943.923,-32917.0441,-655768.9125,59.2963,87.0125,34.7033,0.0,2.1875,1.8125,0.0
fixed_30s,28,blade_dancer,Blade Dancer,80,0,0.0,678.825,73542.5194,22.6275,81.7139,32943.923,-32921.2955,-656263.475,119.0114,0.0,44.9664,0.0,3.975,0.0,0.0
generated_duration,28,blade_dancer,Blade Dancer,80,0,0.0,1039.15,240232.5775,23.0827,75.6532,32943.923,-32920.8403,-655903.15,162.1781,0.0,65.0974,0.0,5.9375,0.0,0.0
fixed_30s,28,shadow,Shadow,80,0,0.0,729.55,26470.5725,24.3183,29.4117,32943.923,-32919.6047,-656212.75,69.5226,28.8844,26.7924,0.0,2.175,0.0,0.0
generated_duration,28,shadow,Shadow,80,0,0.0,1119.5125,143021.1498,25.0148,32.0585,32943.923,-32918.9082,-655822.7875,93.9722,44.5104,55.2719,0.0,3.425,0.0,0.0
fixed_30s,28,thief,Thief,80,0,0.0,642.525,153950.3244,21.4175,171.0559,32943.923,-32922.5055,-656299.775,80.527,0.0,36.2993,0.0,1.8625,2.6375,0.0
generated_duration,28,thief,Thief,80,0,0.0,983.275,430776.4744,21.7852,174.4406,32943.923,-32922.1378,-655959.025,111.1382,0.0,44.8506,0.0,2.8375,4.0375,0.0
fixed_30s,29,assassin,Assassin,80,0,0.0,819.225,62735.5244,27.3075,69.7061,38122.4575,-38095.15,-731036.9625,45.8023,48.5739,17.1813,0.0,1.575,0.8875,0.0
generated_duration,29,assassin,Assassin,80,0,0.0,1189.3375,227008.0986,27.4731,71.4566,38122.4575,-38094.9844,-730666.85,69.6433,70.5738,32.7591,0.0,2.275,1.5375,0.0
fixed_30s,29,blade_dancer,Blade Dancer,80,0,0.0,671.8875,73720.6748,22.3962,81.9119,38122.4575,-38100.0613,-731184.3,131.5753,0.0,52.4229,0.0,4.2,0.0,0.0
generated_duration,29,blade_dancer,Blade Dancer,80,0,0.0,984.3375,197627.3986,22.5654,69.326,38122.4575,-38099.8921,-730871.85,191.7909,0.0,67.6619,0.0,6.15,0.0,0.0
fixed_30s,29,shadow,Shadow,80,0,0.0,721.625,26739.4344,24.0542,29.7105,38122.4575,-38098.4034,-731134.5625,77.0017,24.5976,30.3372,0.0,2.3375,0.0,0.0
generated_duration,29,shadow,Shadow,80,0,0.0,1057.6875,126188.1148,24.2986,29.2872,38122.4575,-38098.1589,-730798.5,111.5144,35.5647,44.1371,0.0,3.5375,0.0,0.0
fixed_30s,29,thief,Thief,80,0,0.0,670.025,158145.3994,22.3342,175.7171,38122.4575,-38100.1234,-731186.1625,89.0392,0.0,32.8519,0.0,2.1125,2.2125,0.0
generated_duration,29,thief,Thief,80,0,0.0,952.475,367960.0744,22.2417,174.9838,38122.4575,-38100.2159,-730903.7125,130.8142,0.0,45.7042,0.0,3.0,3.45,0.0
fixed_30s,30,assassin,Assassin,80,0,0.0,806.8375,54767.9611,26.8946,60.8533,44587.7688,-44560.8742,-889642.5625,38.0828,76.4625,13.5125,0.0,1.15,0.975,0.0
generated_duration,30,assassin,Assassin,80,0,0.0,1163.4125,169098.2173,26.5024,66.6246,44587.7688,-44561.2664,-889285.9875,57.0124,112.8875,27.3193,0.0,1.8375,1.65,0.0
fixed_30s,30,blade_dancer,Blade Dancer,80,0,0.0,717.0875,85058.1298,23.9029,94.509,44587.7688,-44563.8659,-889732.3125,109.4997,0.0,47.6945,0.0,3.4,0.0,0.0
generated_duration,30,blade_dancer,Blade Dancer,80,0,0.0,1094.7125,279399.1548,24.5592,99.7832,44587.7688,-44563.2096,-889354.6875,155.9067,0.0,64.0729,0.0,5.2875,0.0,0.0
fixed_30s,30,shadow,Shadow,80,0,0.0,744.375,27122.0344,24.8125,30.1356,44587.7688,-44562.9563,-889705.025,64.1438,40.1472,18.2731,0.0,1.9125,0.0,0.0
generated_duration,30,shadow,Shadow,80,0,0.0,1143.375,167169.8594,25.635,38.5803,44587.7688,-44562.1337,-889306.025,90.7156,59.4019,39.4024,0.0,3.0,0.0,0.0
fixed_30s,30,thief,Thief,80,0,0.0,679.9875,160924.4623,22.6663,178.805,44587.7688,-44565.1025,-889769.4125,73.7209,0.0,26.8867,0.0,1.4875,2.5,0.0
generated_duration,30,thief,Thief,80,0,0.0,1025.525,458299.2744,22.8961,188.866,44587.7688,-44564.8727,-889423.875,105.738,0.0,45.2836,0.0,2.3625,3.8375,0.0